ID_ID,ItemUUID,Name,Description,ReleaseDate,DiscontinuedDate,Price,Waers,Height,Width,Depth,DimensionsUOM,Quantity,Unitofmeasure,createdAt,createdBy,modifiedAt,modifiedBy
1,1:1,Bimble Soft Dusty Rose,Hoptimist Soft Collection Pink,2026-09-30,0,168.00,EUR,10000,7000,7.00,CM,6.00,ST,,,,
1,1:2,Bumble Classic Large,Hoptimist Bumble Yellow Large,2026-09-30,0,228.00,EUR,13000,10000,10.00,CM,6.00,ST,,,,
1,1:3,Bimble Soft Dusty Rose,Hoptimist Soft Collection Pink,2026-09-30,0,56.00,EUR,10000,7000,7.00,CM,2.00,ST,,,,
1,1:4,Bumble Shiny Brass,Hoptimist Bumble Brass Edition,2026-09-30,0,70.00,EUR,10000,7000,7.00,CM,2.00,ST,,,,
2,2:1,Baby Bimble Oak,Hoptimist Bimble Wooden Oak Small,2026-09-30,0,90.00,EUR,7000,5000,5.00,CM,2.00,ST,,,,
3,3:1,Bimble Soft Dusty Rose,Hoptimist Soft Collection Pink,2026-09-30,0,168.00,EUR,10000,7000,7.00,CM,6.00,ST,,,,
3,3:2,Bimble Soft Dusty Rose,Hoptimist Soft Collection Pink,2026-09-30,0,168.00,EUR,10000,7000,7.00,CM,6.00,ST,,,,
3,3:3,Bumble Classic Large,Hoptimist Bumble Yellow Large,2026-09-30,0,190.00,EUR,13000,10000,10.00,CM,5.00,ST,,,,
4,4:1,Bimble Soft Dusty Rose,Hoptimist Soft Collection Pink,2026-09-30,0,28.00,EUR,10000,7000,7.00,CM,1.00,ST,,,,
4,4:2,Junior Bumble Oak,Hoptimist Bumble Wooden Oak Large,2026-09-30,0,325.00,EUR,13000,10000,10.00,CM,5.00,ST,,,,
4,4:3,Bird Small White,Hoptimist Bird Spring Figure White,2026-09-30,0,44.00,EUR,7000,6000,6.00,CM,2.00,ST,,,,
4,4:4,Bumble Classic Large,Hoptimist Bumble Yellow Large,2026-09-30,0,38.00,EUR,13000,10000,10.00,CM,1.00,ST,,,,
5,5:1,Bimble Soft Dusty Rose,Hoptimist Soft Collection Pink,2026-09-30,0,112.00,EUR,10000,7000,7.00,CM,4.00,ST,,,,
5,5:2,Bird Small White,Hoptimist Bird Spring Figure White,2026-09-30,0,132.00,EUR,7000,6000,6.00,CM,6.00,ST,,,,
6,6:1,Bumble Shiny Brass,Hoptimist Bumble Brass Edition,2026-09-30,0,175.00,EUR,10000,7000,7.00,CM,5.00,ST,,,,
6,6:2,Bimble Classic Small,Hoptimist Bimble Red Small,2026-09-30,0,75.00,EUR,7000,5000,5.00,CM,3.00,ST,,,,
6,6:3,Bird Small White,Hoptimist Bird Spring Figure White,2026-09-30,0,44.00,EUR,7000,6000,6.00,CM,2.00,ST,,,,
6,6:4,Bimble Soft Dusty Rose,Hoptimist Soft Collection Pink,2026-09-30,0,140.00,EUR,10000,7000,7.00,CM,5.00,ST,,,,
7,7:1,Bird Small White,Hoptimist Bird Spring Figure White,2026-09-30,0,110.00,EUR,7000,6000,6.00,CM,5.00,ST,,,,
7,7:2,Bumble Shiny Brass,Hoptimist Bumble Brass Edition,2026-09-30,0,105.00,EUR,10000,7000,7.00,CM,3.00,ST,,,,
7,7:3,Junior Bumble Oak,Hoptimist Bumble Wooden Oak Large,2026-09-30,0,195.00,EUR,13000,10000,10.00,CM,3.00,ST,,,,
8,8:1,Bumble Classic Large,Hoptimist Bumble Yellow Large,2026-09-30,0,76.00,EUR,13000,10000,10.00,CM,2.00,ST,,,,
8,8:2,Bumble Shiny Brass,Hoptimist Bumble Brass Edition,2026-09-30,0,175.00,EUR,10000,7000,7.00,CM,5.00,ST,,,,
8,8:3,Bimble Classic Small,Hoptimist Bimble Red Small,2026-09-30,0,50.00,EUR,7000,5000,5.00,CM,2.00,ST,,,,
9,9:1,Bimble Classic Small,Hoptimist Bimble Red Small,2026-09-30,0,25.00,EUR,7000,5000,5.00,CM,1.00,ST,,,,
9,9:2,Bimble Classic Small,Hoptimist Bimble Red Small,2026-09-30,0,150.00,EUR,7000,5000,5.00,CM,6.00,ST,,,,
10,10:1,Bumble Shiny Brass,Hoptimist Bumble Brass Edition,2026-09-30,0,35.00,EUR,10000,7000,7.00,CM,1.00,ST,,,,
10,10:2,Baby Bimble Oak,Hoptimist Bimble Wooden Oak Small,2026-09-30,0,225.00,EUR,7000,5000,5.00,CM,5.00,ST,,,,
10,10:3,Bimble Soft Dusty Rose,Hoptimist Soft Collection Pink,2026-09-30,0,84.00,EUR,10000,7000,7.00,CM,3.00,ST,,,,
10,10:4,Bimble Classic Small,Hoptimist Bimble Red Small,2026-09-30,0,100.00,EUR,7000,5000,5.00,CM,4.00,ST,,,,
11,11:1,Junior Bumble Oak,Hoptimist Bumble Wooden Oak Large,2026-09-30,0,130.00,EUR,13000,10000,10.00,CM,2.00,ST,,,,
11,11:2,Bird Small White,Hoptimist Bird Spring Figure White,2026-09-30,0,22.00,EUR,7000,6000,6.00,CM,1.00,ST,,,,
12,12:1,Bumble Classic Large,Hoptimist Bumble Yellow Large,2026-09-30,0,114.00,EUR,13000,10000,10.00,CM,3.00,ST,,,,
12,12:2,Junior Bumble Oak,Hoptimist Bumble Wooden Oak Large,2026-09-30,0,195.00,EUR,13000,10000,10.00,CM,3.00,ST,,,,
12,12:3,Junior Bumble Oak,Hoptimist Bumble Wooden Oak Large,2026-09-30,0,195.00,EUR,13000,10000,10.00,CM,3.00,ST,,,,
12,12:4,Bumble Shiny Brass,Hoptimist Bumble Brass Edition,2026-09-30,0,175.00,EUR,10000,7000,7.00,CM,5.00,ST,,,,
13,13:1,Bird Small White,Hoptimist Bird Spring Figure White,2026-09-30,0,110.00,EUR,7000,6000,6.00,CM,5.00,ST,,,,
13,13:2,Baby Bimble Oak,Hoptimist Bimble Wooden Oak Small,2026-09-30,0,225.00,EUR,7000,5000,5.00,CM,5.00,ST,,,,
13,13:3,Bumble Shiny Brass,Hoptimist Bumble Brass Edition,2026-09-30,0,35.00,EUR,10000,7000,7.00,CM,1.00,ST,,,,
14,14:1,Bumble Classic Large,Hoptimist Bumble Yellow Large,2026-09-30,0,152.00,EUR,13000,10000,10.00,CM,4.00,ST,,,,
14,14:2,Bimble Classic Small,Hoptimist Bimble Red Small,2026-09-30,0,75.00,EUR,7000,5000,5.00,CM,3.00,ST,,,,
14,14:3,Junior Bumble Oak,Hoptimist Bumble Wooden Oak Large,2026-09-30,0,325.00,EUR,13000,10000,10.00,CM,5.00,ST,,,,
15,15:1,Baby Bimble Oak,Hoptimist Bimble Wooden Oak Small,2026-09-30,0,270.00,EUR,7000,5000,5.00,CM,6.00,ST,,,,
15,15:2,Bimble Chrome Medium,Hoptimist Bimble Metallic Shiny Chrome,2026-09-30,0,160.00,EUR,10000,7000,7.00,CM,5.00,ST,,,,
15,15:3,Bumble Classic Large,Hoptimist Bumble Yellow Large,2026-09-30,0,38.00,EUR,13000,10000,10.00,CM,1.00,ST,,,,
15,15:4,Bird Small White,Hoptimist Bird Spring Figure White,2026-09-30,0,110.00,EUR,7000,6000,6.00,CM,5.00,ST,,,,
16,16:1,Bimble Chrome Medium,Hoptimist Bimble Metallic Shiny Chrome,2026-09-30,0,192.00,EUR,10000,7000,7.00,CM,6.00,ST,,,,
16,16:2,Bumble Shiny Brass,Hoptimist Bumble Brass Edition,2026-09-30,0,105.00,EUR,10000,7000,7.00,CM,3.00,ST,,,,
17,17:1,Bimble Soft Dusty Rose,Hoptimist Soft Collection Pink,2026-09-30,0,112.00,EUR,10000,7000,7.00,CM,4.00,ST,,,,
17,17:2,Bimble Chrome Medium,Hoptimist Bimble Metallic Shiny Chrome,2026-09-30,0,32.00,EUR,10000,7000,7.00,CM,1.00,ST,,,,
17,17:3,Bumble Classic Large,Hoptimist Bumble Yellow Large,2026-09-30,0,190.00,EUR,13000,10000,10.00,CM,5.00,ST,,,,
17,17:4,Bumble Classic Large,Hoptimist Bumble Yellow Large,2026-09-30,0,76.00,EUR,13000,10000,10.00,CM,2.00,ST,,,,
18,18:1,Bird Small White,Hoptimist Bird Spring Figure White,2026-09-30,0,132.00,EUR,7000,6000,6.00,CM,6.00,ST,,,,
18,18:2,Baby Bimble Oak,Hoptimist Bimble Wooden Oak Small,2026-09-30,0,90.00,EUR,7000,5000,5.00,CM,2.00,ST,,,,
19,19:1,Bumble Classic Large,Hoptimist Bumble Yellow Large,2026-09-30,0,38.00,EUR,13000,10000,10.00,CM,1.00,ST,,,,
19,19:2,Bimble Soft Dusty Rose,Hoptimist Soft Collection Pink,2026-09-30,0,56.00,EUR,10000,7000,7.00,CM,2.00,ST,,,,
19,19:3,Baby Bimble Oak,Hoptimist Bimble Wooden Oak Small,2026-09-30,0,270.00,EUR,7000,5000,5.00,CM,6.00,ST,,,,
19,19:4,Bumble Classic Large,Hoptimist Bumble Yellow Large,2026-09-30,0,228.00,EUR,13000,10000,10.00,CM,6.00,ST,,,,
20,20:1,Bimble Chrome Medium,Hoptimist Bimble Metallic Shiny Chrome,2026-09-30,0,160.00,EUR,10000,7000,7.00,CM,5.00,ST,,,,
20,20:2,Junior Bumble Oak,Hoptimist Bumble Wooden Oak Large,2026-09-30,0,390.00,EUR,13000,10000,10.00,CM,6.00,ST,,,,
21,21:1,Bird Small White,Hoptimist Bird Spring Figure White,2026-09-30,0,110.00,EUR,7000,6000,6.00,CM,5.00,ST,,,,
21,21:2,Bimble Chrome Medium,Hoptimist Bimble Metallic Shiny Chrome,2026-09-30,0,128.00,EUR,10000,7000,7.00,CM,4.00,ST,,,,
22,22:1,Bimble Soft Dusty Rose,Hoptimist Soft Collection Pink,2026-09-30,0,140.00,EUR,10000,7000,7.00,CM,5.00,ST,,,,
22,22:2,Baby Bimble Oak,Hoptimist Bimble Wooden Oak Small,2026-09-30,0,225.00,EUR,7000,5000,5.00,CM,5.00,ST,,,,
22,22:3,Bird Small White,Hoptimist Bird Spring Figure White,2026-09-30,0,66.00,EUR,7000,6000,6.00,CM,3.00,ST,,,,
23,23:1,Junior Bumble Oak,Hoptimist Bumble Wooden Oak Large,2026-09-30,0,130.00,EUR,13000,10000,10.00,CM,2.00,ST,,,,
23,23:2,Bimble Chrome Medium,Hoptimist Bimble Metallic Shiny Chrome,2026-09-30,0,128.00,EUR,10000,7000,7.00,CM,4.00,ST,,,,
23,23:3,Bimble Classic Small,Hoptimist Bimble Red Small,2026-09-30,0,75.00,EUR,7000,5000,5.00,CM,3.00,ST,,,,
23,23:4,Bimble Classic Small,Hoptimist Bimble Red Small,2026-09-30,0,75.00,EUR,7000,5000,5.00,CM,3.00,ST,,,,
24,24:1,Bird Small White,Hoptimist Bird Spring Figure White,2026-09-30,0,66.00,EUR,7000,6000,6.00,CM,3.00,ST,,,,
24,24:2,Bimble Soft Dusty Rose,Hoptimist Soft Collection Pink,2026-09-30,0,168.00,EUR,10000,7000,7.00,CM,6.00,ST,,,,
24,24:3,Bumble Classic Large,Hoptimist Bumble Yellow Large,2026-09-30,0,38.00,EUR,13000,10000,10.00,CM,1.00,ST,,,,
25,25:1,Junior Bumble Oak,Hoptimist Bumble Wooden Oak Large,2026-09-30,0,195.00,EUR,13000,10000,10.00,CM,3.00,ST,,,,
25,25:2,Bimble Classic Small,Hoptimist Bimble Red Small,2026-09-30,0,125.00,EUR,7000,5000,5.00,CM,5.00,ST,,,,
25,25:3,Baby Bimble Oak,Hoptimist Bimble Wooden Oak Small,2026-09-30,0,135.00,EUR,7000,5000,5.00,CM,3.00,ST,,,,
26,26:1,Bird Small White,Hoptimist Bird Spring Figure White,2026-09-30,0,66.00,EUR,7000,6000,6.00,CM,3.00,ST,,,,
27,27:1,Bimble Chrome Medium,Hoptimist Bimble Metallic Shiny Chrome,2026-09-30,0,128.00,EUR,10000,7000,7.00,CM,4.00,ST,,,,
27,27:2,Bumble Classic Large,Hoptimist Bumble Yellow Large,2026-09-30,0,38.00,EUR,13000,10000,10.00,CM,1.00,ST,,,,
28,28:1,Baby Bimble Oak,Hoptimist Bimble Wooden Oak Small,2026-09-30,0,135.00,EUR,7000,5000,5.00,CM,3.00,ST,,,,
28,28:2,Bumble Shiny Brass,Hoptimist Bumble Brass Edition,2026-09-30,0,140.00,EUR,10000,7000,7.00,CM,4.00,ST,,,,
28,28:3,Bumble Shiny Brass,Hoptimist Bumble Brass Edition,2026-09-30,0,175.00,EUR,10000,7000,7.00,CM,5.00,ST,,,,
29,29:1,Junior Bumble Oak,Hoptimist Bumble Wooden Oak Large,2026-09-30,0,325.00,EUR,13000,10000,10.00,CM,5.00,ST,,,,
29,29:2,Bimble Classic Small,Hoptimist Bimble Red Small,2026-09-30,0,150.00,EUR,7000,5000,5.00,CM,6.00,ST,,,,
29,29:3,Bumble Classic Large,Hoptimist Bumble Yellow Large,2026-09-30,0,152.00,EUR,13000,10000,10.00,CM,4.00,ST,,,,
30,30:1,Bumble Classic Large,Hoptimist Bumble Yellow Large,2026-09-30,0,152.00,EUR,13000,10000,10.00,CM,4.00,ST,,,,
30,30:2,Bird Small White,Hoptimist Bird Spring Figure White,2026-09-30,0,66.00,EUR,7000,6000,6.00,CM,3.00,ST,,,,
30,30:3,Bimble Chrome Medium,Hoptimist Bimble Metallic Shiny Chrome,2026-09-30,0,128.00,EUR,10000,7000,7.00,CM,4.00,ST,,,,
30,30:4,Bimble Soft Dusty Rose,Hoptimist Soft Collection Pink,2026-09-30,0,84.00,EUR,10000,7000,7.00,CM,3.00,ST,,,,