ID,email,firstname,lastname,Country,Createon,deliverydate,OrderStatus_code,ImageUrl,createdAt,createdBy,modifiedAt,modifiedBy
1,aitor.martin@viseo.com,Aitor,Martin,Spain,2026-09-30,2026-09-30,1,,,,,,
2,aitor.martin@viseo.com,Aitor,Martin,Spain,2026-09-30,2026-09-30,5,,,,,,
3,aitor.martin@viseo.com,Aitor,Martin,Spain,2026-09-30,2026-09-30,3,,,,,,
4,aitor.martin@viseo.com,Aitor,Martin,Spain,2026-09-30,2026-09-30,3,,,,,,
5,aitor.martin@viseo.com,Aitor,Martin,Spain,2026-09-30,2026-09-30,1,,,,,,
6,aitor.martin@viseo.com,Aitor,Martin,Spain,2026-09-30,2026-09-30,5,,,,,,
7,aitor.martin@viseo.com,Aitor,Martin,Spain,2026-09-30,2026-09-30,2,,,,,,
8,aitor.martin@viseo.com,Aitor,Martin,Spain,2026-09-30,2026-09-30,2,,,,,,
9,aitor.martin@viseo.com,Aitor,Martin,Spain,2026-09-30,2026-09-30,3,,,,,,
10,aitor.martin@viseo.com,Aitor,Martin,Spain,2026-09-30,2026-09-30,3,,,,,,
11,aitor.martin@viseo.com,Aitor,Martin,Spain,2026-09-30,2026-09-30,1,,,,,,
12,aitor.martin@viseo.com,Aitor,Martin,Spain,2026-09-30,2026-09-30,1,,,,,,
13,aitor.martin@viseo.com,Aitor,Martin,Spain,2026-09-30,2026-09-30,3,,,,,,
14,aitor.martin@viseo.com,Aitor,Martin,Spain,2026-09-30,2026-09-30,2,,,,,,
15,aitor.martin@viseo.com,Aitor,Martin,Spain,2026-09-30,2026-09-30,4,,,,,,
16,aitor.martin@viseo.com,Aitor,Martin,Spain,2026-09-30,2026-09-30,3,,,,,,
17,aitor.martin@viseo.com,Aitor,Martin,Spain,2026-09-30,2026-09-30,5,,,,,,
18,aitor.martin@viseo.com,Aitor,Martin,Spain,2026-09-30,2026-09-30,3,,,,,,
19,aitor.martin@viseo.com,Aitor,Martin,Spain,2026-09-30,2026-09-30,4,,,,,,
20,aitor.martin@viseo.com,Aitor,Martin,Spain,2026-09-30,2026-09-30,3,,,,,,
21,aitor.martin@viseo.com,Aitor,Martin,Spain,2026-09-30,2026-09-30,1,,,,,,
22,aitor.martin@viseo.com,Aitor,Martin,Spain,2026-09-30,2026-09-30,4,,,,,,
23,aitor.martin@viseo.com,Aitor,Martin,Spain,2026-09-30,2026-09-30,5,,,,,,
24,aitor.martin@viseo.com,Aitor,Martin,Spain,2026-09-30,2026-09-30,5,,,,,,
25,aitor.martin@viseo.com,Aitor,Martin,Spain,2026-09-30,2026-09-30,4,,,,,,
26,aitor.martin@viseo.com,Aitor,Martin,Spain,2026-09-30,2026-09-30,3,,,,,,
27,aitor.martin@viseo.com,Aitor,Martin,Spain,2026-09-30,2026-09-30,3,,,,,,
28,aitor.martin@viseo.com,Aitor,Martin,Spain,2026-09-30,2026-09-30,5,,,,,,
29,aitor.martin@viseo.com,Aitor,Martin,Spain,2026-09-30,2026-09-30,3,,,,,,
30,aitor.martin@viseo.com,Aitor,Martin,Spain,2026-09-30,2026-09-30,5,,,,,,